ExperimentTitle,SampleName,SampleDescription,SequencingDate,FileName,FileLocation
Seasonal Root Transcriptomics 2011,W19_C1,Week19_control,2012-06-26T10:00:00,1_120626_BC0YAHACXX_229_1_index1_1.fastq.gz,/mnt/picea/storage/data/spruce/vhurry/spruceRoots/N.Street_12_01/120626_BC0YAHACXX
Seasonal Root Transcriptomics 2011,W19_C1,Week19_control,2012-06-26T10:00:00,1_120626_BC0YAHACXX_229_1_index1_2.fastq.gz,/mnt/picea/storage/data/spruce/vhurry/spruceRoots/N.Street_12_01/120626_BC0YAHACXX
Seasonal Root Transcriptomics 2011,W19_C2,Week19_control,2012-06-26T10:00:00,2_120626_BC0YAHACXX_229_2_index1_1.fastq.gz,/mnt/picea/storage/data/spruce/vhurry/spruceRoots/N.Street_12_01/120626_BC0YAHACXX
Seasonal Root Transcriptomics 2011,W19_C2,Week19_control,2012-06-26T10:00:00,2_120626_BC0YAHACXX_229_2_index1_2.fastq.gz,/mnt/picea/storage/data/spruce/vhurry/spruceRoots/N.Street_12_01/120626_BC0YAHACXX
Seasonal Root Transcriptomics 2011,W19_C3,Week19_control,2012-06-26T10:00:00,3_120626_BC0YAHACXX_229_3_index1_1.fastq.gz,/mnt/picea/storage/data/spruce/vhurry/spruceRoots/N.Street_12_01/120626_BC0YAHACXX
Seasonal Root Transcriptomics 2011,W19_C3,Week19_control,2012-06-26T10:00:00,3_120626_BC0YAHACXX_229_3_index1_2.fastq.gz,/mnt/picea/storage/data/spruce/vhurry/spruceRoots/N.Street_12_01/120626_BC0YAHACXX
Seasonal Root Transcriptomics 2011,W19_F1,Week19_treatment,2012-06-26T10:00:00,4_120626_BC0YAHACXX_229_4_index1_1.fastq.gz,/mnt/picea/storage/data/spruce/vhurry/spruceRoots/N.Street_12_01/120626_BC0YAHACXX
Seasonal Root Transcriptomics 2011,W19_F1,Week19_treatment,2012-06-26T10:00:00,4_120626_BC0YAHACXX_229_4_index1_2.fastq.gz,/mnt/picea/storage/data/spruce/vhurry/spruceRoots/N.Street_12_01/120626_BC0YAHACXX
Seasonal Root Transcriptomics 2011,W19_F2,Week19_treatment,2012-06-26T10:00:00,5_120626_BC0YAHACXX_229_5_index1_1.fastq.gz,/mnt/picea/storage/data/spruce/vhurry/spruceRoots/N.Street_12_01/120626_BC0YAHACXX
Seasonal Root Transcriptomics 2011,W19_F2,Week19_treatment,2012-06-26T10:00:00,5_120626_BC0YAHACXX_229_5_index1_2.fastq.gz,/mnt/picea/storage/data/spruce/vhurry/spruceRoots/N.Street_12_01/120626_BC0YAHACXX
Seasonal Root Transcriptomics 2011,W19_F3,Week19_treatment,2012-06-26T10:00:00,6_120626_BC0YAHACXX_229_6_index1_1.fastq.gz,/mnt/picea/storage/data/spruce/vhurry/spruceRoots/N.Street_12_01/120626_BC0YAHACXX
Seasonal Root Transcriptomics 2011,W19_F3,Week19_treatment,2012-06-26T10:00:00,6_120626_BC0YAHACXX_229_6_index1_2.fastq.gz,/mnt/picea/storage/data/spruce/vhurry/spruceRoots/N.Street_12_01/120626_BC0YAHACXX
Seasonal Root Transcriptomics 2011,W20_C1,Week20_control,2012-06-26T10:00:00,7_120626_BC0YAHACXX_229_7_index1_1.fastq.gz,/mnt/picea/storage/data/spruce/vhurry/spruceRoots/N.Street_12_01/120626_BC0YAHACXX
Seasonal Root Transcriptomics 2011,W20_C1,Week20_control,2012-06-26T10:00:00,7_120626_BC0YAHACXX_229_7_index1_2.fastq.gz,/mnt/picea/storage/data/spruce/vhurry/spruceRoots/N.Street_12_01/120626_BC0YAHACXX
Seasonal Root Transcriptomics 2011,W20_C2,Week20_control,2012-06-26T10:00:00,8_120626_BC0YAHACXX_229_8_index1_1.fastq.gz,/mnt/picea/storage/data/spruce/vhurry/spruceRoots/N.Street_12_01/120626_BC0YAHACXX
Seasonal Root Transcriptomics 2011,W20_C2,Week20_control,2012-06-26T10:00:00,8_120626_BC0YAHACXX_229_8_index1_2.fastq.gz,/mnt/picea/storage/data/spruce/vhurry/spruceRoots/N.Street_12_01/120626_BC0YAHACXX
Seasonal Root Transcriptomics 2011,W20_C3,Week20_control,2012-06-26T10:00:00,1_120626_BC0YAHACXX_229_9_index2_1.fastq.gz,/mnt/picea/storage/data/spruce/vhurry/spruceRoots/N.Street_12_01/120626_BC0YAHACXX
Seasonal Root Transcriptomics 2011,W20_C3,Week20_control,2012-06-26T10:00:00,1_120626_BC0YAHACXX_229_9_index2_2.fastq.gz,/mnt/picea/storage/data/spruce/vhurry/spruceRoots/N.Street_12_01/120626_BC0YAHACXX
Seasonal Root Transcriptomics 2011,W20_F1,Week20_treatment,2012-06-26T10:00:00,2_120626_BC0YAHACXX_229_10_index2_1.fastq.gz,/mnt/picea/storage/data/spruce/vhurry/spruceRoots/N.Street_12_01/120626_BC0YAHACXX
Seasonal Root Transcriptomics 2011,W20_F1,Week20_treatment,2012-06-26T10:00:00,2_120626_BC0YAHACXX_229_10_index2_2.fastq.gz,/mnt/picea/storage/data/spruce/vhurry/spruceRoots/N.Street_12_01/120626_BC0YAHACXX
Seasonal Root Transcriptomics 2011,W20_F2,Week20_treatment,2012-06-26T10:00:00,3_120626_BC0YAHACXX_229_11_index2_1.fastq.gz,/mnt/picea/storage/data/spruce/vhurry/spruceRoots/N.Street_12_01/120626_BC0YAHACXX
Seasonal Root Transcriptomics 2011,W20_F2,Week20_treatment,2012-06-26T10:00:00,3_120626_BC0YAHACXX_229_11_index2_2.fastq.gz,/mnt/picea/storage/data/spruce/vhurry/spruceRoots/N.Street_12_01/120626_BC0YAHACXX
Seasonal Root Transcriptomics 2011,W20_F3,Week20_treatment,2012-06-26T10:00:00,4_120626_BC0YAHACXX_229_12_index2_1.fastq.gz,/mnt/picea/storage/data/spruce/vhurry/spruceRoots/N.Street_12_01/120626_BC0YAHACXX
Seasonal Root Transcriptomics 2011,W20_F3,Week20_treatment,2012-06-26T10:00:00,4_120626_BC0YAHACXX_229_12_index2_2.fastq.gz,/mnt/picea/storage/data/spruce/vhurry/spruceRoots/N.Street_12_01/120626_BC0YAHACXX
Seasonal Root Transcriptomics 2011,W21_C1,Week21_control,2012-06-26T10:00:00,5_120626_BC0YAHACXX_229_13_index2_1.fastq.gz,/mnt/picea/storage/data/spruce/vhurry/spruceRoots/N.Street_12_01/120626_BC0YAHACXX
Seasonal Root Transcriptomics 2011,W21_C1,Week21_control,2012-06-26T10:00:00,5_120626_BC0YAHACXX_229_13_index2_2.fastq.gz,/mnt/picea/storage/data/spruce/vhurry/spruceRoots/N.Street_12_01/120626_BC0YAHACXX
Seasonal Root Transcriptomics 2011,W21_C2,Week21_control,2012-06-26T10:00:00,6_120626_BC0YAHACXX_229_14_index2_1.fastq.gz,/mnt/picea/storage/data/spruce/vhurry/spruceRoots/N.Street_12_01/120626_BC0YAHACXX
Seasonal Root Transcriptomics 2011,W21_C2,Week21_control,2012-06-26T10:00:00,6_120626_BC0YAHACXX_229_14_index2_2.fastq.gz,/mnt/picea/storage/data/spruce/vhurry/spruceRoots/N.Street_12_01/120626_BC0YAHACXX
Seasonal Root Transcriptomics 2011,W21_C3,Week21_control,2012-06-26T10:00:00,7_120626_BC0YAHACXX_229_15_index2_1.fastq.gz,/mnt/picea/storage/data/spruce/vhurry/spruceRoots/N.Street_12_01/120626_BC0YAHACXX
Seasonal Root Transcriptomics 2011,W21_C3,Week21_control,2012-06-26T10:00:00,7_120626_BC0YAHACXX_229_15_index2_2.fastq.gz,/mnt/picea/storage/data/spruce/vhurry/spruceRoots/N.Street_12_01/120626_BC0YAHACXX
Seasonal Root Transcriptomics 2011,W21_F1,Week21_treatment,2012-06-26T10:00:00,8_120626_BC0YAHACXX_229_16_index2_1.fastq.gz,/mnt/picea/storage/data/spruce/vhurry/spruceRoots/N.Street_12_01/120626_BC0YAHACXX
Seasonal Root Transcriptomics 2011,W21_F1,Week21_treatment,2012-06-26T10:00:00,8_120626_BC0YAHACXX_229_16_index2_2.fastq.gz,/mnt/picea/storage/data/spruce/vhurry/spruceRoots/N.Street_12_01/120626_BC0YAHACXX
Seasonal Root Transcriptomics 2011,W21_F2,Week21_treatment,2012-06-26T10:00:00,1_120626_BC0YAHACXX_229_17_index3_1.fastq.gz,/mnt/picea/storage/data/spruce/vhurry/spruceRoots/N.Street_12_01/120626_BC0YAHACXX
Seasonal Root Transcriptomics 2011,W21_F2,Week21_treatment,2012-06-26T10:00:00,1_120626_BC0YAHACXX_229_17_index3_2.fastq.gz,/mnt/picea/storage/data/spruce/vhurry/spruceRoots/N.Street_12_01/120626_BC0YAHACXX
Seasonal Root Transcriptomics 2011,W21_F3,Week21_treatment,2012-06-26T10:00:00,2_120626_BC0YAHACXX_229_18_index3_1.fastq.gz,/mnt/picea/storage/data/spruce/vhurry/spruceRoots/N.Street_12_01/120626_BC0YAHACXX
Seasonal Root Transcriptomics 2011,W21_F3,Week21_treatment,2012-06-26T10:00:00,2_120626_BC0YAHACXX_229_18_index3_2.fastq.gz,/mnt/picea/storage/data/spruce/vhurry/spruceRoots/N.Street_12_01/120626_BC0YAHACXX
Seasonal Root Transcriptomics 2011,W22_C1,Week22_control,2012-06-26T10:00:00,3_120626_BC0YAHACXX_229_19_index3_1.fastq.gz,/mnt/picea/storage/data/spruce/vhurry/spruceRoots/N.Street_12_01/120626_BC0YAHACXX
Seasonal Root Transcriptomics 2011,W22_C1,Week22_control,2012-06-26T10:00:00,3_120626_BC0YAHACXX_229_19_index3_2.fastq.gz,/mnt/picea/storage/data/spruce/vhurry/spruceRoots/N.Street_12_01/120626_BC0YAHACXX
Seasonal Root Transcriptomics 2011,W22_C2,Week22_control,2012-06-26T10:00:00,4_120626_BC0YAHACXX_229_20_index3_1.fastq.gz,/mnt/picea/storage/data/spruce/vhurry/spruceRoots/N.Street_12_01/120626_BC0YAHACXX
Seasonal Root Transcriptomics 2011,W22_C2,Week22_control,2012-06-26T10:00:00,4_120626_BC0YAHACXX_229_20_index3_2.fastq.gz,/mnt/picea/storage/data/spruce/vhurry/spruceRoots/N.Street_12_01/120626_BC0YAHACXX
Seasonal Root Transcriptomics 2011,W22_C3,Week22_control,2012-06-26T10:00:00,5_120626_BC0YAHACXX_229_21_index3_1.fastq.gz,/mnt/picea/storage/data/spruce/vhurry/spruceRoots/N.Street_12_01/120626_BC0YAHACXX
Seasonal Root Transcriptomics 2011,W22_C3,Week22_control,2012-06-26T10:00:00,5_120626_BC0YAHACXX_229_21_index3_2.fastq.gz,/mnt/picea/storage/data/spruce/vhurry/spruceRoots/N.Street_12_01/120626_BC0YAHACXX
Seasonal Root Transcriptomics 2011,W22_F1,Week22_treatment,2012-06-26T10:00:00,6_120626_BC0YAHACXX_229_22_index3_1.fastq.gz,/mnt/picea/storage/data/spruce/vhurry/spruceRoots/N.Street_12_01/120626_BC0YAHACXX
Seasonal Root Transcriptomics 2011,W22_F1,Week22_treatment,2012-06-26T10:00:00,6_120626_BC0YAHACXX_229_22_index3_2.fastq.gz,/mnt/picea/storage/data/spruce/vhurry/spruceRoots/N.Street_12_01/120626_BC0YAHACXX
Seasonal Root Transcriptomics 2011,W22_F2,Week22_treatment,2012-06-26T10:00:00,7_120626_BC0YAHACXX_229_23_index3_1.fastq.gz,/mnt/picea/storage/data/spruce/vhurry/spruceRoots/N.Street_12_01/120626_BC0YAHACXX
Seasonal Root Transcriptomics 2011,W22_F2,Week22_treatment,2012-06-26T10:00:00,7_120626_BC0YAHACXX_229_23_index3_2.fastq.gz,/mnt/picea/storage/data/spruce/vhurry/spruceRoots/N.Street_12_01/120626_BC0YAHACXX
Seasonal Root Transcriptomics 2011,W22_F3,Week22_treatment,2012-06-26T10:00:00,8_120626_BC0YAHACXX_229_24_index3_1.fastq.gz,/mnt/picea/storage/data/spruce/vhurry/spruceRoots/N.Street_12_01/120626_BC0YAHACXX
Seasonal Root Transcriptomics 2011,W22_F3,Week22_treatment,2012-06-26T10:00:00,8_120626_BC0YAHACXX_229_24_index3_2.fastq.gz,/mnt/picea/storage/data/spruce/vhurry/spruceRoots/N.Street_12_01/120626_BC0YAHACXX
Seasonal Root Transcriptomics 2011,W23_C1,Week23_control,2012-06-26T10:00:00,1_120626_BC0YAHACXX_229_25_index4_1.fastq.gz,/mnt/picea/storage/data/spruce/vhurry/spruceRoots/N.Street_12_01/120626_BC0YAHACXX
Seasonal Root Transcriptomics 2011,W23_C1,Week23_control,2012-06-26T10:00:00,1_120626_BC0YAHACXX_229_25_index4_2.fastq.gz,/mnt/picea/storage/data/spruce/vhurry/spruceRoots/N.Street_12_01/120626_BC0YAHACXX
Seasonal Root Transcriptomics 2011,W23_C2,Week23_control,2012-07-04T10:00:00,1_120704_BD14F1ACXX_229_26_index4_1.fastq.gz,/mnt/picea/storage/data/spruce/vhurry/spruceRoots/N.Street_12_01/120704_BD14F1ACXX
Seasonal Root Transcriptomics 2011,W23_C2,Week23_control,2012-07-04T10:00:00,1_120704_BD14F1ACXX_229_26_index4_2.fastq.gz,/mnt/picea/storage/data/spruce/vhurry/spruceRoots/N.Street_12_01/120704_BD14F1ACXX
Seasonal Root Transcriptomics 2011,W23_C3,Week23_control,2012-07-04T10:00:00,2_120704_BD14F1ACXX_229_27_index4_1.fastq.gz,/mnt/picea/storage/data/spruce/vhurry/spruceRoots/N.Street_12_01/120704_BD14F1ACXX
Seasonal Root Transcriptomics 2011,W23_C3,Week23_control,2012-07-04T10:00:00,2_120704_BD14F1ACXX_229_27_index4_2.fastq.gz,/mnt/picea/storage/data/spruce/vhurry/spruceRoots/N.Street_12_01/120704_BD14F1ACXX
Seasonal Root Transcriptomics 2011,W23_F1,Week23_treatment,2012-06-26T10:00:00,4_120626_BC0YAHACXX_229_28_index4_1.fastq.gz,/mnt/picea/storage/data/spruce/vhurry/spruceRoots/N.Street_12_01/120626_BC0YAHACXX
Seasonal Root Transcriptomics 2011,W23_F1,Week23_treatment,2012-06-26T10:00:00,4_120626_BC0YAHACXX_229_28_index4_2.fastq.gz,/mnt/picea/storage/data/spruce/vhurry/spruceRoots/N.Street_12_01/120626_BC0YAHACXX
Seasonal Root Transcriptomics 2011,W23_F2,Week23_treatment,2012-06-26T10:00:00,5_120626_BC0YAHACXX_229_29_index4_1.fastq.gz,/mnt/picea/storage/data/spruce/vhurry/spruceRoots/N.Street_12_01/120626_BC0YAHACXX
Seasonal Root Transcriptomics 2011,W23_F2,Week23_treatment,2012-06-26T10:00:00,5_120626_BC0YAHACXX_229_29_index4_2.fastq.gz,/mnt/picea/storage/data/spruce/vhurry/spruceRoots/N.Street_12_01/120626_BC0YAHACXX
Seasonal Root Transcriptomics 2011,W23_F3,Week23_treatment,2012-06-26T10:00:00,6_120626_BC0YAHACXX_229_30_index4_1.fastq.gz,/mnt/picea/storage/data/spruce/vhurry/spruceRoots/N.Street_12_01/120626_BC0YAHACXX
Seasonal Root Transcriptomics 2011,W23_F3,Week23_treatment,2012-06-26T10:00:00,6_120626_BC0YAHACXX_229_30_index4_2.fastq.gz,/mnt/picea/storage/data/spruce/vhurry/spruceRoots/N.Street_12_01/120626_BC0YAHACXX
Seasonal Root Transcriptomics 2011,W24_C1,Week24_control,2012-06-26T10:00:00,7_120626_BC0YAHACXX_229_31_index4_1.fastq.gz,/mnt/picea/storage/data/spruce/vhurry/spruceRoots/N.Street_12_01/120626_BC0YAHACXX
Seasonal Root Transcriptomics 2011,W24_C1,Week24_control,2012-06-26T10:00:00,7_120626_BC0YAHACXX_229_31_index4_2.fastq.gz,/mnt/picea/storage/data/spruce/vhurry/spruceRoots/N.Street_12_01/120626_BC0YAHACXX
Seasonal Root Transcriptomics 2011,W24_C2,Week24_control,2012-06-26T10:00:00,8_120626_BC0YAHACXX_229_32_index4_1.fastq.gz,/mnt/picea/storage/data/spruce/vhurry/spruceRoots/N.Street_12_01/120626_BC0YAHACXX
Seasonal Root Transcriptomics 2011,W24_C2,Week24_control,2012-06-26T10:00:00,8_120626_BC0YAHACXX_229_32_index4_2.fastq.gz,/mnt/picea/storage/data/spruce/vhurry/spruceRoots/N.Street_12_01/120626_BC0YAHACXX
Seasonal Root Transcriptomics 2011,W24_C4,Week24_control,2012-06-26T10:00:00,1_120626_BC0YAHACXX_229_33_index5_1.fastq.gz,/mnt/picea/storage/data/spruce/vhurry/spruceRoots/N.Street_12_01/120626_BC0YAHACXX
Seasonal Root Transcriptomics 2011,W24_C4,Week24_control,2012-06-26T10:00:00,1_120626_BC0YAHACXX_229_33_index5_2.fastq.gz,/mnt/picea/storage/data/spruce/vhurry/spruceRoots/N.Street_12_01/120626_BC0YAHACXX
Seasonal Root Transcriptomics 2011,W24_F1,Week24_treatment,2012-06-26T10:00:00,2_120626_BC0YAHACXX_229_34_index5_1.fastq.gz,/mnt/picea/storage/data/spruce/vhurry/spruceRoots/N.Street_12_01/120626_BC0YAHACXX
Seasonal Root Transcriptomics 2011,W24_F1,Week24_treatment,2012-06-26T10:00:00,2_120626_BC0YAHACXX_229_34_index5_2.fastq.gz,/mnt/picea/storage/data/spruce/vhurry/spruceRoots/N.Street_12_01/120626_BC0YAHACXX
Seasonal Root Transcriptomics 2011,W24_F2,Week24_treatment,2012-07-04T10:00:00,1_120704_BD14F1ACXX_229_35_index5_1.fastq.gz,/mnt/picea/storage/data/spruce/vhurry/spruceRoots/N.Street_12_01/120704_BD14F1ACXX
Seasonal Root Transcriptomics 2011,W24_F2,Week24_treatment,2012-07-04T10:00:00,1_120704_BD14F1ACXX_229_35_index5_2.fastq.gz,/mnt/picea/storage/data/spruce/vhurry/spruceRoots/N.Street_12_01/120704_BD14F1ACXX
Seasonal Root Transcriptomics 2011,W24_F3,Week24_treatment,2012-07-04T10:00:00,2_120704_BD14F1ACXX_229_36_index5_1.fastq.gz,/mnt/picea/storage/data/spruce/vhurry/spruceRoots/N.Street_12_01/120704_BD14F1ACXX
Seasonal Root Transcriptomics 2011,W24_F3,Week24_treatment,2012-07-04T10:00:00,2_120704_BD14F1ACXX_229_36_index5_2.fastq.gz,/mnt/picea/storage/data/spruce/vhurry/spruceRoots/N.Street_12_01/120704_BD14F1ACXX
Seasonal Root Transcriptomics 2011,W25_C1,Week25_control,2012-06-26T10:00:00,5_120626_BC0YAHACXX_229_37_index5_1.fastq.gz,/mnt/picea/storage/data/spruce/vhurry/spruceRoots/N.Street_12_01/120626_BC0YAHACXX
Seasonal Root Transcriptomics 2011,W25_C1,Week25_control,2012-06-26T10:00:00,5_120626_BC0YAHACXX_229_37_index5_2.fastq.gz,/mnt/picea/storage/data/spruce/vhurry/spruceRoots/N.Street_12_01/120626_BC0YAHACXX
Seasonal Root Transcriptomics 2011,W25_C2,Week25_control,2012-06-26T10:00:00,6_120626_BC0YAHACXX_229_38_index5_1.fastq.gz,/mnt/picea/storage/data/spruce/vhurry/spruceRoots/N.Street_12_01/120626_BC0YAHACXX
Seasonal Root Transcriptomics 2011,W25_C2,Week25_control,2012-06-26T10:00:00,6_120626_BC0YAHACXX_229_38_index5_2.fastq.gz,/mnt/picea/storage/data/spruce/vhurry/spruceRoots/N.Street_12_01/120626_BC0YAHACXX
Seasonal Root Transcriptomics 2011,W25_C3,Week25_control,2012-06-26T10:00:00,7_120626_BC0YAHACXX_229_39_index5_1.fastq.gz,/mnt/picea/storage/data/spruce/vhurry/spruceRoots/N.Street_12_01/120626_BC0YAHACXX
Seasonal Root Transcriptomics 2011,W25_C3,Week25_control,2012-06-26T10:00:00,7_120626_BC0YAHACXX_229_39_index5_2.fastq.gz,/mnt/picea/storage/data/spruce/vhurry/spruceRoots/N.Street_12_01/120626_BC0YAHACXX
Seasonal Root Transcriptomics 2011,W25_F1,Week25_treatment,2012-06-26T10:00:00,8_120626_BC0YAHACXX_229_40_index5_1.fastq.gz,/mnt/picea/storage/data/spruce/vhurry/spruceRoots/N.Street_12_01/120626_BC0YAHACXX
Seasonal Root Transcriptomics 2011,W25_F1,Week25_treatment,2012-06-26T10:00:00,8_120626_BC0YAHACXX_229_40_index5_2.fastq.gz,/mnt/picea/storage/data/spruce/vhurry/spruceRoots/N.Street_12_01/120626_BC0YAHACXX
Seasonal Root Transcriptomics 2011,W25_F2,Week25_treatment,2012-07-04T10:00:00,2_120704_BD14F1ACXX_229_41_index6_1.fastq.gz,/mnt/picea/storage/data/spruce/vhurry/spruceRoots/N.Street_12_01/120704_BD14F1ACXX
Seasonal Root Transcriptomics 2011,W25_F2,Week25_treatment,2012-07-04T10:00:00,2_120704_BD14F1ACXX_229_41_index6_2.fastq.gz,/mnt/picea/storage/data/spruce/vhurry/spruceRoots/N.Street_12_01/120704_BD14F1ACXX
Seasonal Root Transcriptomics 2011,W25_F3,Week25_treatment,2012-06-26T10:00:00,2_120626_BC0YAHACXX_229_42_index6_1.fastq.gz,/mnt/picea/storage/data/spruce/vhurry/spruceRoots/N.Street_12_01/120626_BC0YAHACXX
Seasonal Root Transcriptomics 2011,W25_F3,Week25_treatment,2012-06-26T10:00:00,2_120626_BC0YAHACXX_229_42_index6_2.fastq.gz,/mnt/picea/storage/data/spruce/vhurry/spruceRoots/N.Street_12_01/120626_BC0YAHACXX
Seasonal Root Transcriptomics 2011,W26_C1,Week26_control,2012-04-25T10:00:00,1_120425_BD0TRAACXX_P191_3_index3_1.fastq.gz,/mnt/picea/storage/data/spruce/vhurry/spruceRoots/N.Street_11_13/120425_sN188_0274_BD0TRAACXX
Seasonal Root Transcriptomics 2011,W26_C1,Week26_control,2012-04-25T10:00:00,1_120425_BD0TRAACXX_P191_3_index3_2.fastq.gz,/mnt/picea/storage/data/spruce/vhurry/spruceRoots/N.Street_11_13/120425_sN188_0274_BD0TRAACXX
Seasonal Root Transcriptomics 2011,W26_C2,Week26_control,2012-07-04T10:00:00,1_120704_BD14F1ACXX_229_43_index6_1.fastq.gz,/mnt/picea/storage/data/spruce/vhurry/spruceRoots/N.Street_12_01/120704_BD14F1ACXX
Seasonal Root Transcriptomics 2011,W26_C2,Week26_control,2012-07-04T10:00:00,1_120704_BD14F1ACXX_229_43_index6_2.fastq.gz,/mnt/picea/storage/data/spruce/vhurry/spruceRoots/N.Street_12_01/120704_BD14F1ACXX
Seasonal Root Transcriptomics 2011,W26_C3,Week26_control,2012-06-26T10:00:00,4_120626_BC0YAHACXX_229_44_index6_1.fastq.gz,/mnt/picea/storage/data/spruce/vhurry/spruceRoots/N.Street_12_01/120626_BC0YAHACXX
Seasonal Root Transcriptomics 2011,W26_C3,Week26_control,2012-06-26T10:00:00,4_120626_BC0YAHACXX_229_44_index6_2.fastq.gz,/mnt/picea/storage/data/spruce/vhurry/spruceRoots/N.Street_12_01/120626_BC0YAHACXX
Seasonal Root Transcriptomics 2011,W26_F2,Week26_treatment,2012-04-25T10:00:00,1_120425_BD0TRAACXX_P191_4_index4_1.fastq.gz,/mnt/picea/storage/data/spruce/vhurry/spruceRoots/N.Street_11_13/120425_sN188_0274_BD0TRAACXX
Seasonal Root Transcriptomics 2011,W26_F2,Week26_treatment,2012-04-25T10:00:00,1_120425_BD0TRAACXX_P191_4_index4_2.fastq.gz,/mnt/picea/storage/data/spruce/vhurry/spruceRoots/N.Street_11_13/120425_sN188_0274_BD0TRAACXX
Seasonal Root Transcriptomics 2011,W26_F3,Week26_treatment,2012-04-25T10:00:00,1_120425_BD0TRAACXX_P191_5_index5_1.fastq.gz,/mnt/picea/storage/data/spruce/vhurry/spruceRoots/N.Street_11_13/120425_sN188_0274_BD0TRAACXX
Seasonal Root Transcriptomics 2011,W26_F3,Week26_treatment,2012-04-25T10:00:00,1_120425_BD0TRAACXX_P191_5_index5_2.fastq.gz,/mnt/picea/storage/data/spruce/vhurry/spruceRoots/N.Street_11_13/120425_sN188_0274_BD0TRAACXX
Seasonal Root Transcriptomics 2011,W26_F4,Week26_treatment,2012-04-25T10:00:00,1_120425_BD0TRAACXX_P191_6_index6_1.fastq.gz,/mnt/picea/storage/data/spruce/vhurry/spruceRoots/N.Street_11_13/120425_sN188_0274_BD0TRAACXX
Seasonal Root Transcriptomics 2011,W26_F4,Week26_treatment,2012-04-25T10:00:00,1_120425_BD0TRAACXX_P191_6_index6_2.fastq.gz,/mnt/picea/storage/data/spruce/vhurry/spruceRoots/N.Street_11_13/120425_sN188_0274_BD0TRAACXX
Seasonal Root Transcriptomics 2011,W28_C3,Week28_control,2012-04-25T10:00:00,2_120425_BD0TRAACXX_P191_7_index7_1.fastq.gz,/mnt/picea/storage/data/spruce/vhurry/spruceRoots/N.Street_11_13/120425_sN188_0274_BD0TRAACXX
Seasonal Root Transcriptomics 2011,W28_C3,Week28_control,2012-04-25T10:00:00,2_120425_BD0TRAACXX_P191_7_index7_2.fastq.gz,/mnt/picea/storage/data/spruce/vhurry/spruceRoots/N.Street_11_13/120425_sN188_0274_BD0TRAACXX
Seasonal Root Transcriptomics 2011,W28_C4,Week28_control,2012-04-25T10:00:00,2_120425_BD0TRAACXX_P191_8_index8_1.fastq.gz,/mnt/picea/storage/data/spruce/vhurry/spruceRoots/N.Street_11_13/120425_sN188_0274_BD0TRAACXX
Seasonal Root Transcriptomics 2011,W28_C4,Week28_control,2012-04-25T10:00:00,2_120425_BD0TRAACXX_P191_8_index8_2.fastq.gz,/mnt/picea/storage/data/spruce/vhurry/spruceRoots/N.Street_11_13/120425_sN188_0274_BD0TRAACXX
Seasonal Root Transcriptomics 2011,W28_F1,Week28_treatment,2012-04-25T10:00:00,2_120425_BD0TRAACXX_P191_9_index9_1.fastq.gz,/mnt/picea/storage/data/spruce/vhurry/spruceRoots/N.Street_11_13/120425_sN188_0274_BD0TRAACXX
Seasonal Root Transcriptomics 2011,W28_F1,Week28_treatment,2012-04-25T10:00:00,2_120425_BD0TRAACXX_P191_9_index9_2.fastq.gz,/mnt/picea/storage/data/spruce/vhurry/spruceRoots/N.Street_11_13/120425_sN188_0274_BD0TRAACXX
Seasonal Root Transcriptomics 2011,W28_F3,Week28_treatment,2012-04-25T10:00:00,2_120425_BD0TRAACXX_P191_10_index10_1.fastq.gz,/mnt/picea/storage/data/spruce/vhurry/spruceRoots/N.Street_11_13/120425_sN188_0274_BD0TRAACXX
Seasonal Root Transcriptomics 2011,W28_F3,Week28_treatment,2012-04-25T10:00:00,2_120425_BD0TRAACXX_P191_10_index10_2.fastq.gz,/mnt/picea/storage/data/spruce/vhurry/spruceRoots/N.Street_11_13/120425_sN188_0274_BD0TRAACXX
Seasonal Root Transcriptomics 2011,W28_F4,Week28_treatment,2012-04-25T10:00:00,2_120425_BD0TRAACXX_P191_11_index11_1.fastq.gz,/mnt/picea/storage/data/spruce/vhurry/spruceRoots/N.Street_11_13/120425_sN188_0274_BD0TRAACXX
Seasonal Root Transcriptomics 2011,W28_F4,Week28_treatment,2012-04-25T10:00:00,2_120425_BD0TRAACXX_P191_11_index11_2.fastq.gz,/mnt/picea/storage/data/spruce/vhurry/spruceRoots/N.Street_11_13/120425_sN188_0274_BD0TRAACXX
Seasonal Root Transcriptomics 2011,W31_C1,Week31_control,2012-04-25T10:00:00,2_120425_BD0TRAACXX_P191_12_index12_1.fastq.gz,/mnt/picea/storage/data/spruce/vhurry/spruceRoots/N.Street_11_13/120425_sN188_0274_BD0TRAACXX
Seasonal Root Transcriptomics 2011,W31_C1,Week31_control,2012-04-25T10:00:00,2_120425_BD0TRAACXX_P191_12_index12_2.fastq.gz,/mnt/picea/storage/data/spruce/vhurry/spruceRoots/N.Street_11_13/120425_sN188_0274_BD0TRAACXX
Seasonal Root Transcriptomics 2011,W31_C2,Week31_control,2012-04-25T10:00:00,3_120425_BD0TRAACXX_P191_13_index13_1.fastq.gz,/mnt/picea/storage/data/spruce/vhurry/spruceRoots/N.Street_11_13/120425_sN188_0274_BD0TRAACXX
Seasonal Root Transcriptomics 2011,W31_C2,Week31_control,2012-04-25T10:00:00,3_120425_BD0TRAACXX_P191_13_index13_2.fastq.gz,/mnt/picea/storage/data/spruce/vhurry/spruceRoots/N.Street_11_13/120425_sN188_0274_BD0TRAACXX
Seasonal Root Transcriptomics 2011,W31_C3,Week31_control,2012-04-25T10:00:00,3_120425_BD0TRAACXX_P191_14_index14_1.fastq.gz,/mnt/picea/storage/data/spruce/vhurry/spruceRoots/N.Street_11_13/120425_sN188_0274_BD0TRAACXX
Seasonal Root Transcriptomics 2011,W31_C3,Week31_control,2012-04-25T10:00:00,3_120425_BD0TRAACXX_P191_14_index14_2.fastq.gz,/mnt/picea/storage/data/spruce/vhurry/spruceRoots/N.Street_11_13/120425_sN188_0274_BD0TRAACXX
Seasonal Root Transcriptomics 2011,W31_F1,Week31_treatment,2012-04-25T10:00:00,3_120425_BD0TRAACXX_P191_15_index15_1.fastq.gz,/mnt/picea/storage/data/spruce/vhurry/spruceRoots/N.Street_11_13/120425_sN188_0274_BD0TRAACXX
Seasonal Root Transcriptomics 2011,W31_F1,Week31_treatment,2012-04-25T10:00:00,3_120425_BD0TRAACXX_P191_15_index15_2.fastq.gz,/mnt/picea/storage/data/spruce/vhurry/spruceRoots/N.Street_11_13/120425_sN188_0274_BD0TRAACXX
Seasonal Root Transcriptomics 2011,W31_F2,Week31_treatment,2012-04-25T10:00:00,3_120425_BD0TRAACXX_P191_16_index16_1.fastq.gz,/mnt/picea/storage/data/spruce/vhurry/spruceRoots/N.Street_11_13/120425_sN188_0274_BD0TRAACXX
Seasonal Root Transcriptomics 2011,W31_F2,Week31_treatment,2012-04-25T10:00:00,3_120425_BD0TRAACXX_P191_16_index16_2.fastq.gz,/mnt/picea/storage/data/spruce/vhurry/spruceRoots/N.Street_11_13/120425_sN188_0274_BD0TRAACXX
Seasonal Root Transcriptomics 2011,W31_F3,Week31_treatment,2012-04-25T10:00:00,3_120425_BD0TRAACXX_P191_17_index18_1.fastq.gz,/mnt/picea/storage/data/spruce/vhurry/spruceRoots/N.Street_11_13/120425_sN188_0274_BD0TRAACXX
Seasonal Root Transcriptomics 2011,W31_F3,Week31_treatment,2012-04-25T10:00:00,3_120425_BD0TRAACXX_P191_17_index18_2.fastq.gz,/mnt/picea/storage/data/spruce/vhurry/spruceRoots/N.Street_11_13/120425_sN188_0274_BD0TRAACXX
Seasonal Root Transcriptomics 2011,W32_C1,Week32_control,2012-06-26T10:00:00,5_120626_BC0YAHACXX_229_45_index6_1.fastq.gz,/mnt/picea/storage/data/spruce/vhurry/spruceRoots/N.Street_12_01/120626_BC0YAHACXX
Seasonal Root Transcriptomics 2011,W32_C1,Week32_control,2012-06-26T10:00:00,5_120626_BC0YAHACXX_229_45_index6_2.fastq.gz,/mnt/picea/storage/data/spruce/vhurry/spruceRoots/N.Street_12_01/120626_BC0YAHACXX
Seasonal Root Transcriptomics 2011,W32_C2,Week32_control,2012-06-26T10:00:00,6_120626_BC0YAHACXX_229_46_index6_1.fastq.gz,/mnt/picea/storage/data/spruce/vhurry/spruceRoots/N.Street_12_01/120626_BC0YAHACXX
Seasonal Root Transcriptomics 2011,W32_C2,Week32_control,2012-06-26T10:00:00,6_120626_BC0YAHACXX_229_46_index6_2.fastq.gz,/mnt/picea/storage/data/spruce/vhurry/spruceRoots/N.Street_12_01/120626_BC0YAHACXX
Seasonal Root Transcriptomics 2011,W32_C4,Week32_control,2012-06-26T10:00:00,7_120626_BC0YAHACXX_229_47_index6_1.fastq.gz,/mnt/picea/storage/data/spruce/vhurry/spruceRoots/N.Street_12_01/120626_BC0YAHACXX
Seasonal Root Transcriptomics 2011,W32_C4,Week32_control,2012-06-26T10:00:00,7_120626_BC0YAHACXX_229_47_index6_2.fastq.gz,/mnt/picea/storage/data/spruce/vhurry/spruceRoots/N.Street_12_01/120626_BC0YAHACXX
Seasonal Root Transcriptomics 2011,W32_F1,Week32_treatment,2012-06-26T10:00:00,8_120626_BC0YAHACXX_229_48_index6_1.fastq.gz,/mnt/picea/storage/data/spruce/vhurry/spruceRoots/N.Street_12_01/120626_BC0YAHACXX
Seasonal Root Transcriptomics 2011,W32_F1,Week32_treatment,2012-06-26T10:00:00,8_120626_BC0YAHACXX_229_48_index6_2.fastq.gz,/mnt/picea/storage/data/spruce/vhurry/spruceRoots/N.Street_12_01/120626_BC0YAHACXX
Seasonal Root Transcriptomics 2011,W32_F2,Week32_treatment,2012-06-26T10:00:00,1_120626_BC0YAHACXX_229_49_index7_1.fastq.gz,/mnt/picea/storage/data/spruce/vhurry/spruceRoots/N.Street_12_01/120626_BC0YAHACXX
Seasonal Root Transcriptomics 2011,W32_F2,Week32_treatment,2012-06-26T10:00:00,1_120626_BC0YAHACXX_229_49_index7_2.fastq.gz,/mnt/picea/storage/data/spruce/vhurry/spruceRoots/N.Street_12_01/120626_BC0YAHACXX
Seasonal Root Transcriptomics 2011,W32_F3,Week32_treatment,2012-06-26T10:00:00,2_120626_BC0YAHACXX_229_50_index7_1.fastq.gz,/mnt/picea/storage/data/spruce/vhurry/spruceRoots/N.Street_12_01/120626_BC0YAHACXX
Seasonal Root Transcriptomics 2011,W32_F3,Week32_treatment,2012-06-26T10:00:00,2_120626_BC0YAHACXX_229_50_index7_2.fastq.gz,/mnt/picea/storage/data/spruce/vhurry/spruceRoots/N.Street_12_01/120626_BC0YAHACXX
Seasonal Root Transcriptomics 2011,W34_C2,Week34_control,2012-06-26T10:00:00,3_120626_BC0YAHACXX_229_51_index7_1.fastq.gz,/mnt/picea/storage/data/spruce/vhurry/spruceRoots/N.Street_12_01/120626_BC0YAHACXX
Seasonal Root Transcriptomics 2011,W34_C2,Week34_control,2012-06-26T10:00:00,3_120626_BC0YAHACXX_229_51_index7_2.fastq.gz,/mnt/picea/storage/data/spruce/vhurry/spruceRoots/N.Street_12_01/120626_BC0YAHACXX
Seasonal Root Transcriptomics 2011,W34_C3,Week34_control,2012-07-04T10:00:00,2_120704_BD14F1ACXX_229_52_index7_1.fastq.gz,/mnt/picea/storage/data/spruce/vhurry/spruceRoots/N.Street_12_01/120704_BD14F1ACXX
Seasonal Root Transcriptomics 2011,W34_C3,Week34_control,2012-07-04T10:00:00,2_120704_BD14F1ACXX_229_52_index7_2.fastq.gz,/mnt/picea/storage/data/spruce/vhurry/spruceRoots/N.Street_12_01/120704_BD14F1ACXX
Seasonal Root Transcriptomics 2011,W34_F2,Week34_treatment,2012-06-26T10:00:00,6_120626_BC0YAHACXX_229_54_index7_1.fastq.gz,/mnt/picea/storage/data/spruce/vhurry/spruceRoots/N.Street_12_01/120626_BC0YAHACXX
Seasonal Root Transcriptomics 2011,W34_F2,Week34_treatment,2012-06-26T10:00:00,6_120626_BC0YAHACXX_229_54_index7_2.fastq.gz,/mnt/picea/storage/data/spruce/vhurry/spruceRoots/N.Street_12_01/120626_BC0YAHACXX
Seasonal Root Transcriptomics 2011,W34_F3,Week34_treatment,2012-06-26T10:00:00,7_120626_BC0YAHACXX_229_55_index7_1.fastq.gz,/mnt/picea/storage/data/spruce/vhurry/spruceRoots/N.Street_12_01/120626_BC0YAHACXX
Seasonal Root Transcriptomics 2011,W34_F3,Week34_treatment,2012-06-26T10:00:00,7_120626_BC0YAHACXX_229_55_index7_2.fastq.gz,/mnt/picea/storage/data/spruce/vhurry/spruceRoots/N.Street_12_01/120626_BC0YAHACXX
Seasonal Root Transcriptomics 2011,W34_F4,Week34_treatment,2012-06-26T10:00:00,8_120626_BC0YAHACXX_229_56_index7_1.fastq.gz,/mnt/picea/storage/data/spruce/vhurry/spruceRoots/N.Street_12_01/120626_BC0YAHACXX
Seasonal Root Transcriptomics 2011,W34_F4,Week34_treatment,2012-06-26T10:00:00,8_120626_BC0YAHACXX_229_56_index7_2.fastq.gz,/mnt/picea/storage/data/spruce/vhurry/spruceRoots/N.Street_12_01/120626_BC0YAHACXX
Seasonal Root Transcriptomics 2011,W35_C1,Week35_control,2012-06-26T10:00:00,1_120626_BC0YAHACXX_229_57_index8_1.fastq.gz,/mnt/picea/storage/data/spruce/vhurry/spruceRoots/N.Street_12_01/120626_BC0YAHACXX
Seasonal Root Transcriptomics 2011,W35_C1,Week35_control,2012-06-26T10:00:00,1_120626_BC0YAHACXX_229_57_index8_2.fastq.gz,/mnt/picea/storage/data/spruce/vhurry/spruceRoots/N.Street_12_01/120626_BC0YAHACXX
Seasonal Root Transcriptomics 2011,W35_C2,Week35_control,2012-06-26T10:00:00,2_120626_BC0YAHACXX_229_58_index8_1.fastq.gz,/mnt/picea/storage/data/spruce/vhurry/spruceRoots/N.Street_12_01/120626_BC0YAHACXX
Seasonal Root Transcriptomics 2011,W35_C2,Week35_control,2012-06-26T10:00:00,2_120626_BC0YAHACXX_229_58_index8_2.fastq.gz,/mnt/picea/storage/data/spruce/vhurry/spruceRoots/N.Street_12_01/120626_BC0YAHACXX
Seasonal Root Transcriptomics 2011,W35_C4m,Week35_control,2012-04-25T10:00:00,1_120425_BD0TRAACXX_P191_1_index1_1.fastq.gz,/mnt/picea/storage/data/spruce/vhurry/spruceRoots/N.Street_11_13/120425_sN188_0274_BD0TRAACXX
Seasonal Root Transcriptomics 2011,W35_C4m,Week35_control,2012-04-25T10:00:00,1_120425_BD0TRAACXX_P191_1_index1_2.fastq.gz,/mnt/picea/storage/data/spruce/vhurry/spruceRoots/N.Street_11_13/120425_sN188_0274_BD0TRAACXX
Seasonal Root Transcriptomics 2011,W35_F2,Week35_treatment,2012-06-26T10:00:00,3_120626_BC0YAHACXX_229_59_index8_1.fastq.gz,/mnt/picea/storage/data/spruce/vhurry/spruceRoots/N.Street_12_01/120626_BC0YAHACXX
Seasonal Root Transcriptomics 2011,W35_F2,Week35_treatment,2012-06-26T10:00:00,3_120626_BC0YAHACXX_229_59_index8_2.fastq.gz,/mnt/picea/storage/data/spruce/vhurry/spruceRoots/N.Street_12_01/120626_BC0YAHACXX
Seasonal Root Transcriptomics 2011,W35_F3,Week35_treatment,2012-07-04T10:00:00,2_120704_BD14F1ACXX_229_60_index8_1.fastq.gz,/mnt/picea/storage/data/spruce/vhurry/spruceRoots/N.Street_12_01/120704_BD14F1ACXX
Seasonal Root Transcriptomics 2011,W35_F3,Week35_treatment,2012-07-04T10:00:00,2_120704_BD14F1ACXX_229_60_index8_2.fastq.gz,/mnt/picea/storage/data/spruce/vhurry/spruceRoots/N.Street_12_01/120704_BD14F1ACXX
Seasonal Root Transcriptomics 2011,W35_F4m,Week35_treatment,2012-04-25T10:00:00,1_120425_BD0TRAACXX_P191_2_index2_1.fastq.gz,/mnt/picea/storage/data/spruce/vhurry/spruceRoots/N.Street_11_13/120425_sN188_0274_BD0TRAACXX
Seasonal Root Transcriptomics 2011,W35_F4m,Week35_treatment,2012-04-25T10:00:00,1_120425_BD0TRAACXX_P191_2_index2_2.fastq.gz,/mnt/picea/storage/data/spruce/vhurry/spruceRoots/N.Street_11_13/120425_sN188_0274_BD0TRAACXX
Seasonal Root Transcriptomics 2011,W36_C2,Week36_control,2012-07-04T10:00:00,1_120704_BD14F1ACXX_229_61_index8_1.fastq.gz,/mnt/picea/storage/data/spruce/vhurry/spruceRoots/N.Street_12_01/120704_BD14F1ACXX
Seasonal Root Transcriptomics 2011,W36_C2,Week36_control,2012-07-04T10:00:00,1_120704_BD14F1ACXX_229_61_index8_2.fastq.gz,/mnt/picea/storage/data/spruce/vhurry/spruceRoots/N.Street_12_01/120704_BD14F1ACXX
Seasonal Root Transcriptomics 2011,W36_C3,Week36_control,2012-06-26T10:00:00,6_120626_BC0YAHACXX_229_62_index8_1.fastq.gz,/mnt/picea/storage/data/spruce/vhurry/spruceRoots/N.Street_12_01/120626_BC0YAHACXX
Seasonal Root Transcriptomics 2011,W36_C3,Week36_control,2012-06-26T10:00:00,6_120626_BC0YAHACXX_229_62_index8_2.fastq.gz,/mnt/picea/storage/data/spruce/vhurry/spruceRoots/N.Street_12_01/120626_BC0YAHACXX
Seasonal Root Transcriptomics 2011,W36_C4,Week36_control,2012-06-26T10:00:00,7_120626_BC0YAHACXX_229_63_index8_1.fastq.gz,/mnt/picea/storage/data/spruce/vhurry/spruceRoots/N.Street_12_01/120626_BC0YAHACXX
Seasonal Root Transcriptomics 2011,W36_C4,Week36_control,2012-06-26T10:00:00,7_120626_BC0YAHACXX_229_63_index8_2.fastq.gz,/mnt/picea/storage/data/spruce/vhurry/spruceRoots/N.Street_12_01/120626_BC0YAHACXX
Seasonal Root Transcriptomics 2011,W36_F1,Week36_treatment,2012-06-26T10:00:00,8_120626_BC0YAHACXX_229_64_index8_1.fastq.gz,/mnt/picea/storage/data/spruce/vhurry/spruceRoots/N.Street_12_01/120626_BC0YAHACXX
Seasonal Root Transcriptomics 2011,W36_F1,Week36_treatment,2012-06-26T10:00:00,8_120626_BC0YAHACXX_229_64_index8_2.fastq.gz,/mnt/picea/storage/data/spruce/vhurry/spruceRoots/N.Street_12_01/120626_BC0YAHACXX
Seasonal Root Transcriptomics 2011,W36_F3,Week36_treatment,2012-06-26T10:00:00,1_120626_BC0YAHACXX_229_65_index9_1.fastq.gz,/mnt/picea/storage/data/spruce/vhurry/spruceRoots/N.Street_12_01/120626_BC0YAHACXX
Seasonal Root Transcriptomics 2011,W36_F3,Week36_treatment,2012-06-26T10:00:00,1_120626_BC0YAHACXX_229_65_index9_2.fastq.gz,/mnt/picea/storage/data/spruce/vhurry/spruceRoots/N.Street_12_01/120626_BC0YAHACXX
Seasonal Root Transcriptomics 2011,W36_F4,Week36_treatment,2012-06-26T10:00:00,2_120626_BC0YAHACXX_229_66_index9_1.fastq.gz,/mnt/picea/storage/data/spruce/vhurry/spruceRoots/N.Street_12_01/120626_BC0YAHACXX
Seasonal Root Transcriptomics 2011,W36_F4,Week36_treatment,2012-06-26T10:00:00,2_120626_BC0YAHACXX_229_66_index9_2.fastq.gz,/mnt/picea/storage/data/spruce/vhurry/spruceRoots/N.Street_12_01/120626_BC0YAHACXX
Seasonal Root Transcriptomics 2011,W37_C1,Week37_control,2012-06-26T10:00:00,3_120626_BC0YAHACXX_229_67_index9_1.fastq.gz,/mnt/picea/storage/data/spruce/vhurry/spruceRoots/N.Street_12_01/120626_BC0YAHACXX
Seasonal Root Transcriptomics 2011,W37_C1,Week37_control,2012-06-26T10:00:00,3_120626_BC0YAHACXX_229_67_index9_2.fastq.gz,/mnt/picea/storage/data/spruce/vhurry/spruceRoots/N.Street_12_01/120626_BC0YAHACXX
Seasonal Root Transcriptomics 2011,W37_C2,Week37_control,2012-06-26T10:00:00,4_120626_BC0YAHACXX_229_68_index9_1.fastq.gz,/mnt/picea/storage/data/spruce/vhurry/spruceRoots/N.Street_12_01/120626_BC0YAHACXX
Seasonal Root Transcriptomics 2011,W37_C2,Week37_control,2012-06-26T10:00:00,4_120626_BC0YAHACXX_229_68_index9_2.fastq.gz,/mnt/picea/storage/data/spruce/vhurry/spruceRoots/N.Street_12_01/120626_BC0YAHACXX
Seasonal Root Transcriptomics 2011,W37_C3,Week37_control,2012-06-26T10:00:00,5_120626_BC0YAHACXX_229_69_index9_1.fastq.gz,/mnt/picea/storage/data/spruce/vhurry/spruceRoots/N.Street_12_01/120626_BC0YAHACXX
Seasonal Root Transcriptomics 2011,W37_C3,Week37_control,2012-06-26T10:00:00,5_120626_BC0YAHACXX_229_69_index9_2.fastq.gz,/mnt/picea/storage/data/spruce/vhurry/spruceRoots/N.Street_12_01/120626_BC0YAHACXX
Seasonal Root Transcriptomics 2011,W37_F1,Week37_treatment,2012-07-04T10:00:00,2_120704_BD14F1ACXX_229_70_index9_1.fastq.gz,/mnt/picea/storage/data/spruce/vhurry/spruceRoots/N.Street_12_01/120704_BD14F1ACXX
Seasonal Root Transcriptomics 2011,W37_F1,Week37_treatment,2012-07-04T10:00:00,2_120704_BD14F1ACXX_229_70_index9_2.fastq.gz,/mnt/picea/storage/data/spruce/vhurry/spruceRoots/N.Street_12_01/120704_BD14F1ACXX
Seasonal Root Transcriptomics 2011,W37_F2,Week37_treatment,2012-07-04T10:00:00,1_120704_BD14F1ACXX_229_71_index9_1.fastq.gz,/mnt/picea/storage/data/spruce/vhurry/spruceRoots/N.Street_12_01/120704_BD14F1ACXX
Seasonal Root Transcriptomics 2011,W37_F2,Week37_treatment,2012-07-04T10:00:00,1_120704_BD14F1ACXX_229_71_index9_2.fastq.gz,/mnt/picea/storage/data/spruce/vhurry/spruceRoots/N.Street_12_01/120704_BD14F1ACXX
Seasonal Root Transcriptomics 2011,W37_F3,Week37_treatment,2012-06-26T10:00:00,1_120626_BC0YAHACXX_229_88_index11_1.fastq.gz,/mnt/picea/storage/data/spruce/vhurry/spruceRoots/N.Street_12_01/120626_BC0YAHACXX
Seasonal Root Transcriptomics 2011,W37_F3,Week37_treatment,2012-06-26T10:00:00,1_120626_BC0YAHACXX_229_88_index11_2.fastq.gz,/mnt/picea/storage/data/spruce/vhurry/spruceRoots/N.Street_12_01/120626_BC0YAHACXX
Seasonal Root Transcriptomics 2011,W38_C1,Week38_control,2012-06-26T10:00:00,1_120626_BC0YAHACXX_229_73_index10_1.fastq.gz,/mnt/picea/storage/data/spruce/vhurry/spruceRoots/N.Street_12_01/120626_BC0YAHACXX
Seasonal Root Transcriptomics 2011,W38_C1,Week38_control,2012-06-26T10:00:00,1_120626_BC0YAHACXX_229_73_index10_2.fastq.gz,/mnt/picea/storage/data/spruce/vhurry/spruceRoots/N.Street_12_01/120626_BC0YAHACXX
Seasonal Root Transcriptomics 2011,W38_C2,Week38_control,2012-06-26T10:00:00,2_120626_BC0YAHACXX_229_74_index10_1.fastq.gz,/mnt/picea/storage/data/spruce/vhurry/spruceRoots/N.Street_12_01/120626_BC0YAHACXX
Seasonal Root Transcriptomics 2011,W38_C2,Week38_control,2012-06-26T10:00:00,2_120626_BC0YAHACXX_229_74_index10_2.fastq.gz,/mnt/picea/storage/data/spruce/vhurry/spruceRoots/N.Street_12_01/120626_BC0YAHACXX
Seasonal Root Transcriptomics 2011,W38_C3,Week38_control,2012-06-26T10:00:00,3_120626_BC0YAHACXX_229_75_index10_1.fastq.gz,/mnt/picea/storage/data/spruce/vhurry/spruceRoots/N.Street_12_01/120626_BC0YAHACXX
Seasonal Root Transcriptomics 2011,W38_C3,Week38_control,2012-06-26T10:00:00,3_120626_BC0YAHACXX_229_75_index10_2.fastq.gz,/mnt/picea/storage/data/spruce/vhurry/spruceRoots/N.Street_12_01/120626_BC0YAHACXX
Seasonal Root Transcriptomics 2011,W38_F2,Week38_treatment,2012-06-26T10:00:00,4_120626_BC0YAHACXX_229_76_index10_1.fastq.gz,/mnt/picea/storage/data/spruce/vhurry/spruceRoots/N.Street_12_01/120626_BC0YAHACXX
Seasonal Root Transcriptomics 2011,W38_F2,Week38_treatment,2012-06-26T10:00:00,4_120626_BC0YAHACXX_229_76_index10_2.fastq.gz,/mnt/picea/storage/data/spruce/vhurry/spruceRoots/N.Street_12_01/120626_BC0YAHACXX
Seasonal Root Transcriptomics 2011,W38_F3,Week38_treatment,2012-06-26T10:00:00,5_120626_BC0YAHACXX_229_77_index10_1.fastq.gz,/mnt/picea/storage/data/spruce/vhurry/spruceRoots/N.Street_12_01/120626_BC0YAHACXX
Seasonal Root Transcriptomics 2011,W38_F3,Week38_treatment,2012-06-26T10:00:00,5_120626_BC0YAHACXX_229_77_index10_2.fastq.gz,/mnt/picea/storage/data/spruce/vhurry/spruceRoots/N.Street_12_01/120626_BC0YAHACXX
Seasonal Root Transcriptomics 2011,W38_F4,Week38_treatment,2012-07-04T10:00:00,2_120704_BD14F1ACXX_229_78_index10_1.fastq.gz,/mnt/picea/storage/data/spruce/vhurry/spruceRoots/N.Street_12_01/120704_BD14F1ACXX
Seasonal Root Transcriptomics 2011,W38_F4,Week38_treatment,2012-07-04T10:00:00,2_120704_BD14F1ACXX_229_78_index10_2.fastq.gz,/mnt/picea/storage/data/spruce/vhurry/spruceRoots/N.Street_12_01/120704_BD14F1ACXX
Seasonal Root Transcriptomics 2011,W39_C1,Week39_control,2012-07-04T10:00:00,1_120704_BD14F1ACXX_229_79_index10_1.fastq.gz,/mnt/picea/storage/data/spruce/vhurry/spruceRoots/N.Street_12_01/120704_BD14F1ACXX
Seasonal Root Transcriptomics 2011,W39_C1,Week39_control,2012-07-04T10:00:00,1_120704_BD14F1ACXX_229_79_index10_2.fastq.gz,/mnt/picea/storage/data/spruce/vhurry/spruceRoots/N.Street_12_01/120704_BD14F1ACXX
Seasonal Root Transcriptomics 2011,W39_C2,Week39_control,2012-06-26T10:00:00,8_120626_BC0YAHACXX_229_80_index10_1.fastq.gz,/mnt/picea/storage/data/spruce/vhurry/spruceRoots/N.Street_12_01/120626_BC0YAHACXX
Seasonal Root Transcriptomics 2011,W39_C2,Week39_control,2012-06-26T10:00:00,8_120626_BC0YAHACXX_229_80_index10_2.fastq.gz,/mnt/picea/storage/data/spruce/vhurry/spruceRoots/N.Street_12_01/120626_BC0YAHACXX
Seasonal Root Transcriptomics 2011,W39_C3,Week39_control,2012-07-04T10:00:00,1_120704_BD14F1ACXX_229_81_index11_1.fastq.gz,/mnt/picea/storage/data/spruce/vhurry/spruceRoots/N.Street_12_01/120704_BD14F1ACXX
Seasonal Root Transcriptomics 2011,W39_C3,Week39_control,2012-07-04T10:00:00,1_120704_BD14F1ACXX_229_81_index11_2.fastq.gz,/mnt/picea/storage/data/spruce/vhurry/spruceRoots/N.Street_12_01/120704_BD14F1ACXX
Seasonal Root Transcriptomics 2011,W39_F1,Week39_treatment,2012-07-04T10:00:00,2_120704_BD14F1ACXX_229_82_index11_1.fastq.gz,/mnt/picea/storage/data/spruce/vhurry/spruceRoots/N.Street_12_01/120704_BD14F1ACXX
Seasonal Root Transcriptomics 2011,W39_F1,Week39_treatment,2012-07-04T10:00:00,2_120704_BD14F1ACXX_229_82_index11_2.fastq.gz,/mnt/picea/storage/data/spruce/vhurry/spruceRoots/N.Street_12_01/120704_BD14F1ACXX
Seasonal Root Transcriptomics 2011,W39_F2,Week39_treatment,2012-06-26T10:00:00,7_120626_BC0YAHACXX_229_83_index11_1.fastq.gz,/mnt/picea/storage/data/spruce/vhurry/spruceRoots/N.Street_12_01/120626_BC0YAHACXX
Seasonal Root Transcriptomics 2011,W39_F2,Week39_treatment,2012-06-26T10:00:00,7_120626_BC0YAHACXX_229_83_index11_2.fastq.gz,/mnt/picea/storage/data/spruce/vhurry/spruceRoots/N.Street_12_01/120626_BC0YAHACXX
Seasonal Root Transcriptomics 2011,W39_F3,Week39_treatment,2012-06-26T10:00:00,6_120626_BC0YAHACXX_229_84_index11_1.fastq.gz,/mnt/picea/storage/data/spruce/vhurry/spruceRoots/N.Street_12_01/120626_BC0YAHACXX
Seasonal Root Transcriptomics 2011,W39_F3,Week39_treatment,2012-06-26T10:00:00,6_120626_BC0YAHACXX_229_84_index11_2.fastq.gz,/mnt/picea/storage/data/spruce/vhurry/spruceRoots/N.Street_12_01/120626_BC0YAHACXX
Seasonal Root Transcriptomics 2011,W40_C2,Week40_control,2012-06-26T10:00:00,5_120626_BC0YAHACXX_229_85_index11_1.fastq.gz,/mnt/picea/storage/data/spruce/vhurry/spruceRoots/N.Street_12_01/120626_BC0YAHACXX
Seasonal Root Transcriptomics 2011,W40_C2,Week40_control,2012-06-26T10:00:00,5_120626_BC0YAHACXX_229_85_index11_2.fastq.gz,/mnt/picea/storage/data/spruce/vhurry/spruceRoots/N.Street_12_01/120626_BC0YAHACXX
Seasonal Root Transcriptomics 2011,W40_C3,Week40_control,2012-06-26T10:00:00,4_120626_BC0YAHACXX_229_86_index11_1.fastq.gz,/mnt/picea/storage/data/spruce/vhurry/spruceRoots/N.Street_12_01/120626_BC0YAHACXX
Seasonal Root Transcriptomics 2011,W40_C3,Week40_control,2012-06-26T10:00:00,4_120626_BC0YAHACXX_229_86_index11_2.fastq.gz,/mnt/picea/storage/data/spruce/vhurry/spruceRoots/N.Street_12_01/120626_BC0YAHACXX
Seasonal Root Transcriptomics 2011,W40_C4,Week40_control,2012-06-26T10:00:00,3_120626_BC0YAHACXX_229_87_index11_1.fastq.gz,/mnt/picea/storage/data/spruce/vhurry/spruceRoots/N.Street_12_01/120626_BC0YAHACXX
Seasonal Root Transcriptomics 2011,W40_C4,Week40_control,2012-06-26T10:00:00,3_120626_BC0YAHACXX_229_87_index11_2.fastq.gz,/mnt/picea/storage/data/spruce/vhurry/spruceRoots/N.Street_12_01/120626_BC0YAHACXX
Seasonal Root Transcriptomics 2011,W40_F1,Week40_treatment,2012-06-26T10:00:00,8_120626_BC0YAHACXX_229_72_index9_1.fastq.gz,/mnt/picea/storage/data/spruce/vhurry/spruceRoots/N.Street_12_01/120626_BC0YAHACXX
Seasonal Root Transcriptomics 2011,W40_F1,Week40_treatment,2012-06-26T10:00:00,8_120626_BC0YAHACXX_229_72_index9_2.fastq.gz,/mnt/picea/storage/data/spruce/vhurry/spruceRoots/N.Street_12_01/120626_BC0YAHACXX
Seasonal Root Transcriptomics 2011,W40_F2,Week40_treatment,2012-07-04T10:00:00,1_120704_BD14F1ACXX_229_89_index12_1.fastq.gz,/mnt/picea/storage/data/spruce/vhurry/spruceRoots/N.Street_12_01/120704_BD14F1ACXX
Seasonal Root Transcriptomics 2011,W40_F2,Week40_treatment,2012-07-04T10:00:00,1_120704_BD14F1ACXX_229_89_index12_2.fastq.gz,/mnt/picea/storage/data/spruce/vhurry/spruceRoots/N.Street_12_01/120704_BD14F1ACXX
Seasonal Root Transcriptomics 2011,W40_F3,Week40_treatment,2012-07-04T10:00:00,2_120704_BD14F1ACXX_229_90_index12_1.fastq.gz,/mnt/picea/storage/data/spruce/vhurry/spruceRoots/N.Street_12_01/120704_BD14F1ACXX
Seasonal Root Transcriptomics 2011,W40_F3,Week40_treatment,2012-07-04T10:00:00,2_120704_BD14F1ACXX_229_90_index12_2.fastq.gz,/mnt/picea/storage/data/spruce/vhurry/spruceRoots/N.Street_12_01/120704_BD14F1ACXX
Seasonal Root Transcriptomics 2011,W41_C1,Week41_control,2012-06-26T10:00:00,7_120626_BC0YAHACXX_229_91_index12_1.fastq.gz,/mnt/picea/storage/data/spruce/vhurry/spruceRoots/N.Street_12_01/120626_BC0YAHACXX
Seasonal Root Transcriptomics 2011,W41_C1,Week41_control,2012-06-26T10:00:00,7_120626_BC0YAHACXX_229_91_index12_2.fastq.gz,/mnt/picea/storage/data/spruce/vhurry/spruceRoots/N.Street_12_01/120626_BC0YAHACXX
Seasonal Root Transcriptomics 2011,W41_C2,Week41_control,2012-06-26T10:00:00,5_120626_BC0YAHACXX_229_92_index12_1.fastq.gz,/mnt/picea/storage/data/spruce/vhurry/spruceRoots/N.Street_12_01/120626_BC0YAHACXX
Seasonal Root Transcriptomics 2011,W41_C2,Week41_control,2012-06-26T10:00:00,5_120626_BC0YAHACXX_229_92_index12_2.fastq.gz,/mnt/picea/storage/data/spruce/vhurry/spruceRoots/N.Street_12_01/120626_BC0YAHACXX
Seasonal Root Transcriptomics 2011,W41_C3,Week41_control,2012-06-26T10:00:00,4_120626_BC0YAHACXX_229_93_index12_1.fastq.gz,/mnt/picea/storage/data/spruce/vhurry/spruceRoots/N.Street_12_01/120626_BC0YAHACXX
Seasonal Root Transcriptomics 2011,W41_C3,Week41_control,2012-06-26T10:00:00,4_120626_BC0YAHACXX_229_93_index12_2.fastq.gz,/mnt/picea/storage/data/spruce/vhurry/spruceRoots/N.Street_12_01/120626_BC0YAHACXX
Seasonal Root Transcriptomics 2011,W41_F1,Week41_treatment,2012-06-26T10:00:00,6_120626_BC0YAHACXX_229_94_index12_1.fastq.gz,/mnt/picea/storage/data/spruce/vhurry/spruceRoots/N.Street_12_01/120626_BC0YAHACXX
Seasonal Root Transcriptomics 2011,W41_F1,Week41_treatment,2012-06-26T10:00:00,6_120626_BC0YAHACXX_229_94_index12_2.fastq.gz,/mnt/picea/storage/data/spruce/vhurry/spruceRoots/N.Street_12_01/120626_BC0YAHACXX
Seasonal Root Transcriptomics 2011,W41_F2,Week41_treatment,2012-06-26T10:00:00,3_120626_BC0YAHACXX_229_95_index12_1.fastq.gz,/mnt/picea/storage/data/spruce/vhurry/spruceRoots/N.Street_12_01/120626_BC0YAHACXX
Seasonal Root Transcriptomics 2011,W41_F2,Week41_treatment,2012-06-26T10:00:00,3_120626_BC0YAHACXX_229_95_index12_2.fastq.gz,/mnt/picea/storage/data/spruce/vhurry/spruceRoots/N.Street_12_01/120626_BC0YAHACXX